{"horizon":7,"rolling_std":0.22593820570702888,"_wandb":{"runtime":4671},"_runtime":4671,"window":500,"rolling_mae":0.051063793700226214,"model":"ARIMA","_timestamp":1.7700263637711513e+09,"_step":0}